imagen,clase,R,G,B,H,S,V,L,a,b,cx,cy,n_pixeles
DSC_9932.png,LEU,212,198,169,20,52,212,205,128,144,1694,2918,6077
DSC_9932.png,NIT,219,204,167,21,61,219,210,127,148,1688,2728,6077
DSC_9932.png,URO,231,183,104,19,140,231,197,136,174,1685,2538,6077
DSC_9932.png,PRO,194,182,91,27,135,194,187,120,175,1682,2348,6077
DSC_9932.png,pH,210,151,63,18,179,210,170,142,181,1665,2158,6077
DSC_9932.png,BLO,236,169,54,19,197,236,188,143,193,1664,1968,6077
DSC_9932.png,SG,146,123,44,23,178,146,134,128,173,1669,1778,6077
DSC_9932.png,KET,196,161,135,13,79,196,175,137,146,1653,1588,6077
DSC_9932.png,BIL,218,190,132,20,101,218,199,130,161,1654,1398,6077
DSC_9932.png,GLU,96,174,178,91,117,178,170,105,119,1635,1209,6077
DSC_9933.png,LEU,211,197,171,20,48,211,204,129,143,1602,2864,5789
DSC_9933.png,NIT,215,202,167,22,57,215,208,127,147,1600,2677,5789
DSC_9933.png,URO,229,181,108,18,135,229,195,137,171,1619,2489,5789
DSC_9933.png,PRO,197,182,86,26,144,197,188,121,178,1620,2302,5789
DSC_9933.png,pH,211,143,60,16,182,211,165,146,181,1613,2115,5789
DSC_9933.png,BLO,39,82,67,80,134,82,80,109,132,1597,1928,5789
DSC_9933.png,SG,130,116,47,25,163,130,125,124,167,1622,1741,5789
DSC_9933.png,KET,198,162,135,13,81,198,177,137,147,1611,1554,5789
DSC_9933.png,BIL,225,192,136,19,101,225,202,132,161,1605,1367,5789
DSC_9933.png,GLU,91,187,201,94,140,201,181,104,112,1599,1180,5789
DSC_9937.png,LEU,234,222,208,16,28,234,227,130,136,1620,2945,5525
DSC_9937.png,NIT,242,234,210,23,34,242,237,127,141,1641,2758,5525
DSC_9937.png,URO,255,202,132,17,123,255,216,138,170,1637,2571,5525
DSC_9937.png,PRO,217,210,107,28,129,217,211,117,179,1633,2384,5525
DSC_9937.png,pH,239,161,60,17,191,239,185,149,189,1629,2197,5525
DSC_9937.png,BLO,39,101,81,80,157,101,98,103,133,1612,2010,5525
DSC_9937.png,SG,148,136,56,26,159,148,144,122,171,1642,1823,5525
DSC_9937.png,KET,224,189,171,10,60,224,202,138,142,1627,1636,5525
DSC_9937.png,BIL,255,219,161,19,94,255,228,133,161,1625,1449,5525
DSC_9937.png,GLU,99,222,234,93,147,234,210,97,112,1617,1262,5525
DSC_9938.png,LEU,246,236,219,19,28,246,239,129,137,1673,2940,5789
DSC_9938.png,NIT,253,247,220,25,33,253,248,126,142,1677,2751,5789
DSC_9938.png,URO,255,207,130,18,125,255,219,136,172,1664,2562,5789
DSC_9938.png,PRO,226,220,115,28,125,226,220,116,180,1670,2373,5789
DSC_9938.png,pH,243,179,71,19,180,243,197,141,190,1661,2184,5789
DSC_9938.png,BLO,255,197,74,20,181,255,211,137,195,1662,1995,5789
DSC_9938.png,SG,165,146,62,24,159,165,155,125,174,1678,1806,5789
DSC_9938.png,KET,234,198,181,10,58,234,211,138,141,1665,1617,5789
DSC_9938.png,BIL,255,237,187,22,68,255,240,127,155,1661,1428,5789
DSC_9938.png,GLU,116,229,245,94,134,245,217,100,110,1648,1239,5789
DSC_9939.png,LEU,247,235,221,16,27,247,239,130,136,1845,2892,5789
DSC_9939.png,NIT,252,242,210,23,43,252,244,126,145,1842,2702,5789
DSC_9939.png,URO,255,205,130,18,125,255,218,137,172,1831,2512,5789
DSC_9939.png,PRO,219,216,114,29,122,219,216,115,178,1831,2322,5789
DSC_9939.png,pH,255,168,81,15,174,255,194,153,185,1833,2132,5789
DSC_9939.png,BLO,255,197,77,20,178,255,211,137,194,1826,1942,5789
DSC_9939.png,SG,193,153,51,22,188,193,167,133,184,1834,1752,5789
DSC_9939.png,KET,238,192,163,12,80,238,207,140,149,1827,1562,5789
DSC_9939.png,BIL,255,196,121,17,134,255,212,141,173,1823,1372,5789
DSC_9939.png,GLU,109,229,246,94,142,246,217,99,110,1821,1182,5789
DSC_9940.png,LEU,234,217,200,15,37,234,224,131,138,1835,2883,5789
DSC_9940.png,NIT,251,242,211,23,41,251,244,126,144,1807,2694,5789
DSC_9940.png,URO,255,205,131,18,124,255,218,137,171,1830,2505,5789
DSC_9940.png,PRO,215,212,110,29,125,215,212,115,178,1831,2316,5789
DSC_9940.png,pH,254,174,82,16,173,254,197,149,186,1835,2127,5789
DSC_9940.png,BLO,255,189,75,19,180,255,206,141,192,1834,1938,5789
DSC_9940.png,SG,166,148,65,25,155,166,157,124,173,1850,1749,5789
DSC_9940.png,KET,235,194,168,12,73,235,208,139,147,1845,1560,5789
DSC_9940.png,BIL,255,225,168,20,87,255,232,130,160,1836,1371,5789
DSC_9940.png,GLU,111,229,239,92,137,239,216,97,113,1840,1182,5789
DSC_9941.png,LEU,240,215,201,11,41,240,224,134,138,1568,2914,5789
DSC_9941.png,NIT,224,75,127,170,170,224,139,189,131,1581,2724,5789
DSC_9941.png,URO,255,205,130,18,125,255,218,137,172,1581,2534,5789
DSC_9941.png,PRO,216,211,112,29,123,216,212,116,177,1584,2344,5789
DSC_9941.png,pH,254,165,78,15,177,254,192,154,185,1582,2154,5789
DSC_9941.png,BLO,224,175,72,20,173,224,189,135,186,1582,1964,5789
DSC_9941.png,SG,196,155,61,21,176,196,169,133,181,1564,1774,5789
DSC_9941.png,KET,227,187,161,12,74,227,201,139,147,1585,1584,5789
DSC_9941.png,BIL,255,183,118,14,137,255,204,147,171,1573,1394,5789
DSC_9941.png,GLU,89,222,241,94,161,241,210,97,108,1572,1204,5789
DSC_9942.png,LEU,222,198,217,156,28,222,210,140,122,1635,2959,5789
DSC_9942.png,NIT,254,243,191,25,63,254,244,124,154,1604,2769,5789
DSC_9942.png,URO,255,209,128,19,127,255,220,134,174,1626,2577,5789
DSC_9942.png,PRO,218,209,104,28,133,218,211,117,181,1623,2386,5789
DSC_9942.png,pH,220,185,84,22,158,220,195,129,183,1625,2195,5789
DSC_9942.png,BLO,255,194,71,20,184,255,209,138,195,1612,2004,5789
DSC_9942.png,SG,151,144,65,28,145,151,150,120,170,1622,1813,5789
DSC_9942.png,KET,232,195,171,12,67,232,208,138,145,1604,1622,5789
DSC_9942.png,BIL,255,229,176,20,79,255,234,129,157,1600,1431,5789
DSC_9942.png,GLU,114,218,194,83,122,218,205,92,130,1588,1240,5789
DSC_9943.png,LEU,242,228,217,13,26,242,233,131,135,1634,2887,5789
DSC_9943.png,NIT,251,242,214,23,38,251,244,127,143,1632,2698,5789
DSC_9943.png,URO,255,210,141,18,114,255,221,135,168,1621,2510,5789
DSC_9943.png,PRO,222,216,111,28,128,222,217,116,180,1616,2321,5789
DSC_9943.png,pH,254,168,78,15,177,254,194,152,186,1606,2132,5789
DSC_9943.png,BLO,255,190,70,19,185,255,207,140,195,1597,1943,5789
DSC_9943.png,SG,149,143,87,27,106,149,150,122,159,1613,1753,5789
DSC_9943.png,KET,236,199,174,12,67,236,211,137,145,1587,1565,5789
DSC_9943.png,BIL,255,227,177,19,78,255,233,130,156,1578,1376,5789
DSC_9943.png,GLU,108,227,242,93,141,242,215,99,111,1568,1188,5789
DSC_9944.png,LEU,244,234,219,18,26,244,238,129,136,1598,2939,5525
DSC_9944.png,NIT,250,238,213,20,38,250,241,128,142,1592,2750,5525
DSC_9944.png,URO,255,206,130,18,125,255,218,136,172,1590,2561,5525
DSC_9944.png,PRO,213,212,110,30,123,213,212,114,178,1584,2372,5525
DSC_9944.png,pH,210,180,74,23,165,210,189,127,184,1585,2183,5525
DSC_9944.png,BLO,255,194,72,20,183,255,209,138,195,1589,1994,5525
DSC_9944.png,SG,151,138,62,26,150,151,146,123,170,1591,1805,5525
DSC_9944.png,KET,230,195,173,12,63,230,207,137,144,1582,1616,5525
DSC_9944.png,BIL,255,225,165,20,90,255,231,130,161,1577,1427,5525
DSC_9944.png,GLU,122,229,241,93,126,241,218,100,113,1568,1238,5525
DSC_9946.png,LEU,239,226,213,15,28,239,231,130,136,1602,2861,5525
DSC_9946.png,NIT,248,233,206,19,43,248,237,129,143,1608,2671,5525
DSC_9946.png,URO,255,199,120,18,135,255,214,139,175,1598,2481,5525
DSC_9946.png,PRO,165,191,118,41,97,191,189,107,162,1592,2291,5525
DSC_9946.png,pH,51,108,109,91,136,109,107,110,122,1580,2101,5525
DSC_9946.png,BLO,255,187,66,19,189,255,205,142,195,1581,1911,5525
DSC_9946.png,SG,50,82,99,100,126,99,85,121,114,1564,1721,5525
DSC_9946.png,KET,234,193,168,11,72,234,207,139,146,1583,1531,5525
DSC_9946.png,BIL,255,181,114,14,141,255,203,148,173,1580,1341,5525
DSC_9946.png,GLU,108,226,238,93,139,238,214,98,112,1574,1151,5525
DSC_9948.png,LEU,191,182,166,19,33,191,190,129,137,1668,2892,5789
DSC_9948.png,NIT,196,188,164,23,42,196,195,127,141,1670,2704,5789
DSC_9948.png,URO,211,161,106,16,127,211,178,140,164,1695,2516,5789
DSC_9948.png,PRO,123,144,94,43,89,144,146,111,152,1686,2328,5789
DSC_9948.png,pH,196,126,54,15,185,196,150,149,177,1686,2140,5789
DSC_9948.png,BLO,195,142,53,19,186,195,160,139,181,1680,1952,5789
DSC_9948.png,SG,111,104,50,27,140,111,111,123,159,1692,1764,5789
DSC_9948.png,KET,177,146,132,9,65,177,161,137,140,1677,1576,5789
DSC_9948.png,BIL,208,182,139,19,85,208,192,131,153,1672,1388,5789
DSC_9948.png,GLU,86,172,177,92,131,177,167,104,117,1658,1200,5789
DSC_9949.png,LEU,180,171,159,17,30,180,180,129,135,1674,2965,5525
DSC_9949.png,NIT,186,180,157,24,40,186,187,126,141,1693,2775,5525
DSC_9949.png,URO,200,152,104,15,122,200,169,140,160,1712,2586,5525
DSC_9949.png,PRO,176,162,76,26,145,176,169,122,174,1711,2397,5525
DSC_9949.png,pH,187,116,48,15,190,187,141,150,176,1711,2208,5525
DSC_9949.png,BLO,192,136,49,18,190,192,155,141,181,1706,2019,5525
DSC_9949.png,SG,67,80,47,42,105,80,82,116,146,1723,1830,5525
DSC_9949.png,KET,169,140,124,11,68,169,154,136,141,1705,1641,5525
DSC_9949.png,BIL,195,173,136,19,77,195,183,130,150,1703,1452,5525
DSC_9949.png,GLU,70,160,163,91,145,163,155,102,118,1707,1263,5525
DSC_9950.png,LEU,144,136,125,17,34,144,146,129,135,1673,2939,5789
DSC_9950.png,NIT,147,144,122,26,43,147,152,125,140,1692,2751,5789
DSC_9950.png,URO,158,120,78,16,129,158,136,137,157,1710,2561,5789
DSC_9950.png,PRO,139,128,57,26,150,139,136,123,167,1708,2373,5789
DSC_9950.png,pH,146,90,35,15,194,146,111,146,168,1711,2183,5789
DSC_9950.png,BLO,151,105,34,18,198,151,123,140,173,1704,1995,5789
DSC_9950.png,SG,50,61,35,43,109,61,61,118,143,1722,1805,5789
DSC_9950.png,KET,133,108,93,11,77,133,122,135,140,1703,1617,5789
DSC_9950.png,BIL,154,134,102,18,86,154,145,131,148,1702,1427,5789
DSC_9950.png,GLU,51,120,124,92,150,124,119,108,119,1702,1239,5789
DSC_9951.png,LEU,246,233,224,12,23,246,238,131,134,1674,2948,5789
DSC_9951.png,NIT,255,249,220,25,35,255,249,125,143,1686,2759,5789
DSC_9951.png,URO,255,214,148,18,107,255,224,134,166,1705,2570,5789
DSC_9951.png,PRO,239,226,110,27,138,239,227,118,185,1706,2381,5789
DSC_9951.png,pH,255,166,73,15,182,255,193,153,188,1708,2192,5789
DSC_9951.png,BLO,255,189,73,19,182,255,206,141,193,1700,2003,5789
DSC_9951.png,SG,97,116,71,43,99,116,118,112,151,1721,1814,5789
DSC_9951.png,KET,234,195,173,11,66,234,208,139,144,1699,1625,5789
DSC_9951.png,BIL,255,232,183,20,72,255,237,129,155,1696,1436,5789
DSC_9951.png,GLU,99,226,238,93,149,238,213,96,112,1702,1247,5789
DSC_9954.png,LEU,103,78,105,148,66,105,94,144,117,1620,2972,5789
DSC_9954.png,NIT,172,52,93,170,178,172,105,180,132,1645,2783,5789
DSC_9954.png,URO,193,143,96,15,128,193,161,141,160,1637,2594,5789
DSC_9954.png,PRO,139,142,77,31,117,142,147,117,162,1640,2405,5789
DSC_9954.png,pH,177,124,59,17,170,177,143,142,171,1643,2216,5789
DSC_9954.png,BLO,171,129,53,19,176,171,145,136,174,1638,2027,5789
DSC_9954.png,SG,118,102,40,24,169,118,111,126,164,1649,1838,5789
DSC_9954.png,KET,167,133,110,12,87,167,148,138,145,1639,1649,5789
DSC_9954.png,BIL,192,145,94,16,130,192,162,140,162,1635,1460,5789
DSC_9954.png,GLU,96,153,137,82,95,153,151,106,131,1647,1271,5789
DSC_9955.png,LEU,176,167,157,16,28,176,176,130,134,1622,2867,6361
DSC_9955.png,NIT,181,173,154,21,38,181,181,128,139,1618,2679,6361
DSC_9955.png,URO,196,152,106,15,117,196,168,139,158,1645,2489,6361
DSC_9955.png,PRO,161,152,78,27,131,161,159,121,168,1642,2301,6361
DSC_9955.png,pH,186,115,56,14,178,186,141,151,171,1642,2111,6361
DSC_9955.png,BLO,190,133,51,18,187,190,153,142,179,1636,1923,6361
DSC_9955.png,SG,139,111,44,21,174,139,123,131,168,1641,1733,6361
DSC_9955.png,KET,169,136,120,10,74,169,151,138,141,1630,1545,6361
DSC_9955.png,BIL,199,138,90,13,140,199,160,146,163,1625,1355,6361
DSC_9955.png,GLU,81,162,165,91,130,165,158,104,119,1617,1167,6361
DSC_9957.png,LEU,179,168,154,17,36,179,177,129,137,1617,2869,5789
DSC_9957.png,NIT,184,176,147,24,51,184,183,126,144,1614,2681,5789
DSC_9957.png,URO,198,154,108,15,116,198,170,139,158,1634,2493,5789
DSC_9957.png,PRO,121,135,79,37,106,135,138,113,156,1634,2305,5789
DSC_9957.png,pH,189,107,58,11,177,189,137,157,169,1635,2117,5789
DSC_9957.png,BLO,118,115,51,29,145,118,121,120,163,1642,1929,5789
DSC_9957.png,SG,137,108,33,22,194,137,120,131,172,1632,1741,5789
DSC_9957.png,KET,168,133,107,13,93,168,148,138,147,1623,1553,5789
DSC_9957.png,BIL,190,160,115,18,101,190,172,133,155,1623,1365,5789
DSC_9957.png,GLU,86,162,166,92,123,166,159,105,119,1604,1177,5789
DSC_9959.png,LEU,178,166,158,12,29,178,176,131,134,1679,2875,5789
DSC_9959.png,NIT,185,178,157,23,39,185,185,127,140,1672,2687,5789
DSC_9959.png,URO,199,153,101,16,126,199,170,139,162,1669,2497,5789
DSC_9959.png,PRO,167,158,76,27,139,167,164,120,171,1669,2309,5789
DSC_9959.png,pH,183,123,51,16,184,183,144,145,175,1666,2119,5789
DSC_9959.png,BLO,206,138,49,17,194,206,161,146,183,1666,1931,5789
DSC_9959.png,SG,124,106,43,23,167,124,116,127,165,1674,1740,5789
DSC_9959.png,KET,171,139,120,11,76,171,154,137,143,1661,1553,5789
DSC_9959.png,BIL,198,148,97,15,130,198,166,141,162,1662,1363,5789
DSC_9959.png,GLU,73,158,164,92,141,164,154,104,117,1656,1175,5789
DSC_9960.png,LEU,103,79,112,142,75,112,95,145,113,1668,2905,5789
DSC_9960.png,NIT,184,175,137,24,65,184,182,125,149,1642,2717,5789
DSC_9960.png,URO,198,152,101,16,125,198,169,139,161,1656,2527,5789
DSC_9960.png,PRO,166,156,81,26,131,166,163,121,168,1637,2339,5789
DSC_9960.png,pH,179,127,58,17,172,179,146,141,172,1659,2149,5789
DSC_9960.png,BLO,188,135,54,18,182,188,154,140,178,1650,1961,5789
DSC_9960.png,SG,107,100,50,26,136,107,107,123,157,1660,1771,5789
DSC_9960.png,KET,171,141,123,11,72,171,155,137,142,1641,1583,5789
DSC_9960.png,BIL,196,155,109,16,113,196,170,137,158,1631,1393,5789
DSC_9960.png,GLU,65,159,165,92,155,165,154,103,117,1623,1205,5789
DSC_9961.png,LEU,176,167,158,15,26,176,176,130,134,1657,2881,5525
DSC_9961.png,NIT,184,178,156,24,39,184,185,126,140,1698,2691,5525
DSC_9961.png,URO,197,150,104,15,120,197,167,140,159,1690,2502,5525
DSC_9961.png,PRO,173,159,76,26,143,173,166,122,172,1690,2313,5525
DSC_9961.png,pH,160,127,50,21,175,160,140,132,173,1692,2124,5525
DSC_9961.png,BLO,199,137,50,18,191,199,158,144,182,1689,1935,5525
DSC_9961.png,SG,84,91,58,36,92,91,95,119,146,1708,1745,5525
DSC_9961.png,KET,171,143,125,12,69,171,157,136,141,1687,1557,5525
DSC_9961.png,BIL,195,169,125,19,92,195,180,131,154,1689,1368,5525
DSC_9961.png,GLU,83,162,167,92,128,167,158,105,118,1676,1179,5525
DSC_9962.png,LEU,182,169,168,2,20,182,179,133,130,1731,2858,5789
DSC_9962.png,NIT,200,73,123,168,162,200,128,183,127,1697,2669,5789
DSC_9962.png,URO,213,154,111,13,122,213,174,145,159,1691,2480,5789
DSC_9962.png,PRO,194,163,84,22,145,194,174,130,173,1681,2291,5789
DSC_9962.png,pH,200,108,61,10,177,200,141,161,170,1677,2102,5789
DSC_9962.png,BLO,44,85,61,72,123,85,83,107,138,1669,1913,5789
DSC_9962.png,SG,93,97,51,33,121,97,102,118,154,1696,1724,5789
DSC_9962.png,KET,177,146,130,10,68,177,161,137,141,1679,1535,5789
DSC_9962.png,BIL,205,183,146,19,73,205,192,130,150,1679,1346,5789
DSC_9962.png,GLU,78,169,175,92,141,175,164,103,117,1666,1157,5789
DSC_9963.png,LEU,94,70,104,141,83,104,85,145,112,1806,2886,5789
DSC_9963.png,NIT,193,66,113,169,168,193,121,183,129,1804,2696,5789
DSC_9963.png,URO,207,157,102,16,129,207,174,140,164,1805,2506,5789
DSC_9963.png,PRO,175,165,84,27,133,175,171,121,171,1799,2316,5789
DSC_9963.png,pH,195,119,60,13,177,195,146,153,172,1791,2126,5789
DSC_9963.png,BLO,184,136,56,19,177,184,153,138,177,1789,1936,5789
DSC_9963.png,SG,121,113,72,25,103,121,121,125,152,1807,1746,5789
DSC_9963.png,KET,179,148,127,12,74,179,162,136,143,1779,1556,5789
DSC_9963.png,BIL,204,151,108,13,120,204,170,143,158,1780,1366,5789
DSC_9963.png,GLU,92,168,177,93,122,177,165,107,116,1761,1176,5789
DSC_9964.png,LEU,184,149,140,6,61,184,165,140,138,1773,2916,5789
DSC_9964.png,NIT,191,65,108,170,168,191,120,182,131,1795,2726,5789
DSC_9964.png,URO,204,153,99,15,131,204,171,141,164,1785,2537,5789
DSC_9964.png,PRO,165,159,80,28,131,165,165,119,170,1784,2348,5789
DSC_9964.png,pH,197,111,54,12,185,197,142,157,173,1776,2159,5789
DSC_9964.png,BLO,170,132,53,20,176,170,146,134,175,1776,1970,5789
DSC_9964.png,SG,150,114,41,20,185,150,128,134,172,1784,1781,5789
DSC_9964.png,KET,175,142,124,11,74,175,157,138,142,1771,1592,5789
DSC_9964.png,BIL,204,165,115,17,111,204,179,136,159,1767,1403,5789
DSC_9964.png,GLU,91,173,183,93,128,183,169,106,115,1753,1215,5789
DSC_9965.png,LEU,179,167,159,12,28,179,177,131,134,1756,2934,6077
DSC_9965.png,NIT,188,181,161,22,37,188,188,127,139,1753,2746,6077
DSC_9965.png,URO,203,156,102,16,127,203,172,139,163,1753,2558,6077
DSC_9965.png,PRO,179,165,81,26,140,179,172,122,173,1753,2370,6077
DSC_9965.png,pH,192,114,57,13,179,192,142,154,172,1750,2182,6077
DSC_9965.png,BLO,206,141,50,18,193,206,163,145,184,1748,1994,6077
DSC_9965.png,SG,115,106,54,26,135,115,114,124,158,1763,1805,6077
DSC_9965.png,KET,178,145,125,11,76,178,160,137,143,1747,1618,6077
DSC_9965.png,BIL,202,170,124,18,98,202,182,133,156,1746,1430,6077
DSC_9965.png,GLU,95,171,175,92,117,175,167,106,119,1750,1241,6077
DSC_9966.png,LEU,168,140,149,170,42,168,156,140,127,1744,2810,5525
DSC_9966.png,NIT,191,183,161,22,40,191,190,127,140,1724,2622,5525
DSC_9966.png,URO,205,155,101,16,129,205,172,140,163,1747,2434,5525
DSC_9966.png,PRO,175,163,81,26,137,175,170,122,172,1754,2246,5525
DSC_9966.png,pH,197,111,59,11,179,197,142,158,171,1753,2058,5525
DSC_9966.png,BLO,209,143,55,17,188,209,165,145,183,1749,1870,5525
DSC_9966.png,SG,144,118,54,21,159,144,130,130,166,1766,1682,5525
DSC_9966.png,KET,174,140,121,11,78,174,155,138,143,1749,1494,5525
DSC_9966.png,BIL,200,173,127,19,93,200,184,131,155,1752,1306,5525
DSC_9966.png,GLU,110,93,48,22,144,110,102,129,156,1768,1117,5525
DSC_9967.png,LEU,182,168,152,16,42,182,178,130,138,1775,2972,5789
DSC_9967.png,NIT,192,180,152,21,53,192,188,128,144,1773,2782,5789
DSC_9967.png,URO,202,150,94,16,136,202,168,141,165,1782,2592,5789
DSC_9967.png,PRO,166,158,79,27,134,166,164,120,170,1786,2402,5789
DSC_9967.png,pH,194,109,50,12,189,194,140,157,174,1787,2212,5789
DSC_9967.png,BLO,209,140,48,17,196,209,163,147,185,1791,2022,5789
DSC_9967.png,SG,156,116,48,19,177,156,132,136,171,1808,1832,5789
DSC_9967.png,KET,165,119,100,9,100,165,138,144,146,1797,1642,5789
DSC_9967.png,BIL,196,143,85,16,144,196,162,142,166,1802,1452,5789
DSC_9967.png,GLU,62,163,172,92,163,172,158,102,115,1802,1262,5789
DSC_9968.png,LEU,176,161,149,13,39,176,172,131,136,1776,2978,6361
DSC_9968.png,NIT,188,179,152,22,49,188,186,127,143,1777,2790,6361
DSC_9968.png,URO,199,148,100,15,127,199,166,142,161,1771,2602,6361
DSC_9968.png,PRO,155,153,80,29,123,155,158,118,166,1780,2414,6361
DSC_9968.png,pH,176,126,48,18,185,176,144,140,176,1769,2226,6361
DSC_9968.png,BLO,197,136,51,17,189,197,157,144,181,1772,2038,6361
DSC_9968.png,SG,99,96,53,28,118,99,102,122,153,1786,1850,6361
DSC_9968.png,KET,167,136,118,11,75,167,151,137,142,1767,1662,6361
DSC_9968.png,BIL,197,154,105,16,119,197,170,138,160,1766,1474,6361
DSC_9968.png,GLU,82,164,162,89,128,164,159,103,121,1762,1286,6361
DSC_9969.png,LEU,161,137,155,158,38,161,152,140,122,1760,2807,5789
DSC_9969.png,NIT,197,189,166,22,40,197,196,127,141,1759,2618,5789
DSC_9969.png,URO,210,163,111,16,120,210,179,139,162,1751,2429,5789
DSC_9969.png,PRO,181,165,78,25,145,181,172,123,175,1750,2240,5789
DSC_9969.png,pH,189,128,52,17,185,189,149,145,177,1742,2051,5789
DSC_9969.png,BLO,211,144,51,17,193,211,166,146,185,1735,1862,5789
DSC_9969.png,SG,103,101,56,29,116,103,107,122,153,1755,1673,5789
DSC_9969.png,KET,181,147,128,11,75,181,162,138,143,1731,1484,5789
DSC_9969.png,BIL,203,177,136,18,84,203,188,131,152,1726,1295,5789
DSC_9969.png,GLU,87,170,181,93,132,181,166,106,115,1736,1106,5789
DSC_9970.png,LEU,144,99,109,173,80,144,120,148,130,1795,2893,6077
DSC_9970.png,NIT,195,168,149,12,60,195,180,135,141,1780,2703,6077
DSC_9970.png,URO,202,139,103,11,125,202,162,148,157,1762,2512,6077
DSC_9970.png,PRO,128,141,92,38,89,141,144,115,153,1761,2322,6077
DSC_9970.png,pH,185,141,68,19,161,185,157,137,172,1742,2131,6077
DSC_9970.png,BLO,206,145,65,17,175,206,165,143,178,1746,1941,6077
DSC_9970.png,SG,153,126,66,21,145,153,138,131,164,1733,1751,6077
DSC_9970.png,KET,156,134,122,11,56,156,147,134,137,1757,1562,6077
DSC_9970.png,BIL,186,118,76,11,151,186,143,151,162,1733,1371,6077
DSC_9970.png,GLU,92,159,144,83,107,159,155,103,129,1729,1181,6077
DSC_9971.png,LEU,182,172,156,18,36,182,181,129,138,1829,2788,6077
DSC_9971.png,NIT,191,182,156,22,47,191,189,127,142,1760,2599,6077
DSC_9971.png,URO,202,156,105,16,122,202,172,139,161,1783,2411,6077
DSC_9971.png,PRO,171,161,80,27,136,171,167,121,171,1774,2221,6077
DSC_9971.png,pH,193,128,72,14,160,193,151,148,168,1745,2034,6077
DSC_9971.png,BLO,207,147,65,17,175,207,167,143,179,1768,1843,6077
DSC_9971.png,SG,127,110,45,24,165,127,119,127,166,1773,1655,6077
DSC_9971.png,KET,171,138,119,11,78,171,153,138,143,1756,1465,6077
DSC_9971.png,BIL,201,153,102,15,126,201,170,140,162,1749,1277,6077
DSC_9971.png,GLU,72,165,168,91,146,168,160,102,118,1740,1087,6077
DSC_9972.png,LEU,178,161,154,9,34,178,172,133,134,1747,2840,6077
DSC_9972.png,NIT,186,174,148,21,52,186,182,128,143,1743,2650,6077
DSC_9972.png,URO,200,147,93,15,136,200,166,142,164,1768,2461,6077
DSC_9972.png,PRO,164,158,79,28,132,164,164,119,170,1759,2271,6077
DSC_9972.png,pH,120,118,56,29,136,120,124,120,162,1767,2083,6077
DSC_9972.png,BLO,183,133,50,19,185,183,151,139,178,1760,1893,6077
DSC_9972.png,SG,108,103,62,27,109,108,110,124,152,1768,1705,6077
DSC_9972.png,KET,173,142,126,10,69,173,157,137,141,1747,1515,6077
DSC_9972.png,BIL,203,139,94,12,137,203,162,147,162,1745,1327,6077
DSC_9972.png,GLU,92,166,169,91,116,169,163,106,119,1731,1137,6077
DSC_9973.png,LEU,124,100,132,143,62,132,117,144,114,1669,2848,5789
DSC_9973.png,NIT,182,173,149,22,46,182,181,127,141,1631,2661,5789
DSC_9973.png,URO,196,143,103,13,121,196,162,143,157,1646,2471,5789
DSC_9973.png,PRO,166,155,77,26,137,166,162,121,170,1653,2283,5789
DSC_9973.png,pH,157,126,51,21,172,157,139,132,172,1637,2093,5789
DSC_9973.png,BLO,88,104,58,40,113,104,106,114,152,1644,1905,5789
DSC_9973.png,SG,86,92,52,35,111,92,96,119,150,1655,1714,5789
DSC_9973.png,KET,172,142,124,11,71,172,156,137,142,1635,1527,5789
DSC_9973.png,BIL,196,164,127,16,90,196,177,135,152,1632,1337,5789
DSC_9973.png,GLU,81,162,166,91,131,166,158,105,118,1622,1149,5789
DSC_9974.png,LEU,181,164,141,17,56,181,174,130,142,1571,2970,5789
DSC_9974.png,NIT,187,176,142,23,61,187,184,126,147,1570,2781,5789
DSC_9974.png,URO,196,140,98,13,128,196,160,144,159,1566,2592,5789
DSC_9974.png,PRO,144,148,83,32,112,148,152,116,162,1563,2403,5789
DSC_9974.png,pH,163,131,50,21,177,163,144,131,175,1568,2214,5789
DSC_9974.png,BLO,202,134,46,17,197,202,157,147,183,1563,2025,5789
DSC_9974.png,SG,88,90,40,31,142,90,95,119,156,1574,1836,5789
DSC_9974.png,KET,162,126,102,12,94,162,142,138,146,1558,1647,5789
DSC_9974.png,BIL,189,132,75,15,154,189,152,144,167,1554,1458,5789
DSC_9974.png,GLU,93,155,138,82,102,155,152,104,131,1538,1269,5789
DSC_9975.png,LEU,168,157,148,14,30,168,167,130,134,1829,2823,6077
DSC_9975.png,NIT,175,169,149,23,38,175,177,127,139,1856,2633,6077
DSC_9975.png,URO,188,140,93,15,129,188,158,141,160,1819,2445,6077
DSC_9975.png,PRO,160,150,68,27,147,160,157,121,172,1818,2256,6077
DSC_9975.png,pH,161,118,41,19,190,161,134,137,175,1817,2067,6077
DSC_9975.png,BLO,191,129,45,17,195,191,150,145,181,1806,1878,6077
DSC_9975.png,SG,96,91,46,27,133,96,97,123,154,1826,1688,6077
DSC_9975.png,KET,160,129,111,11,78,160,144,137,142,1810,1500,6077
DSC_9975.png,BIL,185,148,106,16,109,185,163,136,156,1806,1311,6077
DSC_9975.png,GLU,74,152,157,92,135,157,149,106,118,1791,1122,6077
DSC_9976.png,LEU,111,76,98,161,80,111,94,147,121,1772,2957,5789
DSC_9976.png,NIT,185,61,104,170,171,185,115,181,131,1749,2770,5789
DSC_9976.png,URO,203,154,96,16,134,203,171,139,165,1760,2581,5789
DSC_9976.png,PRO,169,158,79,26,136,169,165,121,170,1755,2393,5789
DSC_9976.png,pH,195,106,57,11,180,195,138,159,170,1750,2205,5789
DSC_9976.png,BLO,163,130,52,21,174,163,143,132,174,1739,2017,5789
DSC_9976.png,SG,163,123,59,18,163,163,139,136,168,1761,1828,5789
DSC_9976.png,KET,178,139,118,11,86,178,156,140,145,1744,1641,5789
DSC_9976.png,BIL,201,162,112,17,113,201,176,136,159,1745,1453,5789
DSC_9976.png,GLU,79,165,167,91,134,167,160,103,119,1736,1265,5789
DSC_9977.png,LEU,175,162,149,15,38,175,172,131,136,1851,2990,6077
DSC_9977.png,NIT,196,148,142,3,70,196,168,145,138,1819,2804,6077
DSC_9977.png,URO,206,155,96,16,136,206,172,140,166,1832,2614,6077
DSC_9977.png,PRO,167,156,75,26,140,167,163,121,171,1820,2426,6077
DSC_9977.png,pH,195,119,61,13,175,195,146,153,171,1815,2238,6077
DSC_9977.png,BLO,211,143,48,17,197,211,165,146,186,1805,2050,6077
DSC_9977.png,SG,144,114,39,21,186,144,127,132,172,1804,1862,6077
DSC_9977.png,KET,175,139,115,12,87,175,155,138,146,1810,1673,6077
DSC_9977.png,BIL,206,144,88,14,146,206,165,145,167,1784,1486,6077
DSC_9977.png,GLU,66,165,167,91,154,167,159,100,118,1774,1299,6077
DSC_9978.png,LEU,110,88,118,142,65,118,104,143,114,1916,2790,5789
DSC_9978.png,NIT,199,81,127,168,151,199,131,179,126,1912,2604,5789
DSC_9978.png,URO,211,159,102,16,132,211,177,141,165,1912,2418,5789
DSC_9978.png,PRO,165,162,88,29,119,165,167,118,167,1913,2232,5789
DSC_9978.png,pH,102,120,78,43,89,120,123,113,149,1883,2047,5789
DSC_9978.png,BLO,170,140,64,22,159,170,152,130,172,1906,1860,5789
DSC_9978.png,SG,76,94,70,53,65,94,96,116,139,1925,1674,5789
DSC_9978.png,KET,185,154,135,11,69,185,168,137,142,1899,1488,5789
DSC_9978.png,BIL,210,163,123,14,106,210,180,140,155,1894,1302,5789
DSC_9978.png,GLU,93,175,181,92,124,181,170,105,117,1880,1117,5789
DSC_9979.png,LEU,187,179,168,17,26,187,187,129,135,1843,2864,5525
DSC_9979.png,NIT,202,93,131,170,138,202,138,175,128,1880,2675,5525
DSC_9979.png,URO,209,159,104,16,128,209,176,140,164,1875,2488,5525
DSC_9979.png,PRO,87,126,101,71,79,126,126,109,137,1859,2302,5525
DSC_9979.png,pH,176,130,50,19,183,176,147,138,176,1865,2114,5525
DSC_9979.png,BLO,62,93,63,61,85,93,93,110,142,1858,1927,5525
DSC_9979.png,SG,129,113,53,24,150,129,122,126,163,1858,1740,5525
DSC_9979.png,KET,164,135,123,9,64,164,150,137,139,1840,1554,5525
DSC_9979.png,BIL,208,172,135,15,90,208,185,136,152,1831,1367,5525
DSC_9979.png,GLU,95,64,42,12,142,95,77,139,147,1822,1180,5525
DSC_9980.png,LEU,180,167,156,14,34,180,177,131,135,1755,2901,5789
DSC_9980.png,NIT,191,183,161,22,40,191,190,127,140,1765,2713,5789
DSC_9980.png,URO,205,154,98,16,133,205,172,140,165,1794,2528,5789
DSC_9980.png,PRO,166,159,76,28,138,166,165,119,172,1796,2340,5789
DSC_9980.png,pH,183,127,47,18,190,183,147,142,178,1800,2154,5789
DSC_9980.png,BLO,212,144,53,17,191,212,166,146,184,1801,1966,5789
DSC_9980.png,SG,106,99,46,27,144,106,106,123,159,1819,1780,5789
DSC_9980.png,KET,172,139,121,11,76,172,154,138,142,1810,1592,5789
DSC_9980.png,BIL,202,170,124,18,98,202,182,133,156,1813,1406,5789
DSC_9980.png,GLU,72,166,174,92,149,174,161,103,116,1807,1218,5789
DSC_9981.png,LEU,184,174,160,18,33,184,183,129,136,1814,2924,5789
DSC_9981.png,NIT,192,182,159,21,44,192,190,128,141,1807,2736,5789
DSC_9981.png,URO,204,155,101,16,129,204,172,140,163,1800,2550,5789
DSC_9981.png,PRO,163,160,83,29,125,163,165,118,168,1801,2362,5789
DSC_9981.png,pH,193,124,60,14,176,193,148,149,173,1800,2176,5789
DSC_9981.png,BLO,211,143,55,17,189,211,165,146,183,1791,1988,5789
DSC_9981.png,SG,129,107,38,23,180,129,118,129,168,1801,1802,5789
DSC_9981.png,KET,167,135,118,10,75,167,150,138,142,1787,1614,5789
DSC_9981.png,BIL,203,158,105,16,123,203,174,138,162,1781,1428,5789
DSC_9981.png,GLU,67,163,164,90,151,164,157,101,119,1778,1240,5789
DSC_9982.png,LEU,187,177,160,19,37,187,185,129,138,1792,2704,6361
DSC_9982.png,NIT,196,168,152,11,57,196,181,136,140,1794,2516,6361
DSC_9982.png,URO,207,157,101,16,131,207,174,140,164,1813,2330,6361
DSC_9982.png,PRO,173,164,80,27,137,173,170,120,172,1811,2142,6361
DSC_9982.png,pH,196,111,49,13,191,196,141,157,176,1810,1956,6361
DSC_9982.png,BLO,213,143,46,17,200,213,166,147,187,1810,1768,6361
DSC_9982.png,SG,110,100,41,26,160,110,108,124,162,1822,1582,6361
DSC_9982.png,KET,177,145,126,11,73,177,160,137,143,1812,1394,6361
DSC_9982.png,BIL,206,156,108,15,121,206,174,141,160,1814,1208,6361
DSC_9982.png,GLU,94,64,34,15,163,94,76,137,151,1828,1020,6361
DSC_9983.png,LEU,182,161,151,10,43,182,173,134,136,1762,2818,6077
DSC_9983.png,NIT,166,46,81,171,184,166,100,179,136,1807,2631,6077
DSC_9983.png,URO,203,149,89,16,143,203,168,142,167,1797,2444,6077
DSC_9983.png,PRO,165,154,76,26,138,165,161,122,170,1797,2257,6077
DSC_9983.png,pH,179,129,51,18,182,179,147,140,176,1801,2070,6077
DSC_9983.png,BLO,211,142,52,17,192,211,165,147,184,1802,1883,6077
DSC_9983.png,SG,121,109,50,25,150,121,117,125,162,1819,1696,6077
DSC_9983.png,KET,170,135,117,10,80,170,151,139,143,1810,1509,6077
DSC_9983.png,BIL,201,164,114,17,110,201,178,135,159,1812,1322,6077
DSC_9983.png,GLU,63,164,172,92,162,172,159,102,115,1807,1135,6077
DSC_9984.png,LEU,141,117,145,146,49,145,134,143,116,1875,2857,5789
DSC_9984.png,NIT,197,111,143,169,111,197,146,166,126,1884,2669,5789
DSC_9984.png,URO,203,154,104,15,124,203,171,140,161,1881,2481,5789
DSC_9984.png,PRO,180,162,79,25,143,180,170,124,173,1876,2293,5789
DSC_9984.png,pH,167,132,51,21,177,167,146,133,175,1870,2105,5789
DSC_9984.png,BLO,198,140,49,18,192,198,159,142,183,1863,1917,5789
DSC_9984.png,SG,114,103,45,25,154,114,111,124,161,1875,1729,5789
DSC_9984.png,KET,175,142,123,11,76,175,157,138,143,1855,1541,5789
DSC_9984.png,BIL,201,171,135,16,84,201,183,134,151,1855,1353,5789
DSC_9984.png,GLU,88,166,160,88,120,166,161,103,124,1843,1164,5789
DSC_9985.png,LEU,142,107,131,159,63,142,126,146,120,1826,2820,6625
DSC_9985.png,NIT,193,71,116,169,161,193,124,181,129,1846,2631,6625
DSC_9985.png,URO,206,154,98,16,134,206,172,141,165,1838,2442,6625
DSC_9985.png,PRO,166,159,83,27,127,166,165,120,168,1841,2253,6625
DSC_9985.png,pH,197,114,55,12,184,197,144,156,174,1838,2064,6625
DSC_9985.png,BLO,145,127,56,24,157,145,136,126,168,1840,1875,6625
DSC_9985.png,SG,131,113,53,23,152,131,123,127,163,1853,1686,6625
DSC_9985.png,KET,170,139,124,10,69,170,154,137,140,1837,1497,6625
DSC_9985.png,BIL,206,148,104,13,126,206,168,145,160,1837,1308,6625
DSC_9985.png,GLU,88,171,179,93,130,179,167,105,116,1830,1119,6625
DSC_9986.png,LEU,178,168,160,13,26,178,177,130,133,1708,2915,5789
DSC_9986.png,NIT,186,175,150,21,49,186,183,128,142,1648,2725,5789
DSC_9986.png,URO,199,142,94,14,135,199,162,144,162,1674,2533,5789
DSC_9986.png,PRO,161,154,74,28,138,161,160,120,170,1676,2342,5789
DSC_9986.png,pH,179,125,47,18,188,179,144,142,177,1682,2151,5789
DSC_9986.png,BLO,203,137,45,17,198,203,159,146,184,1680,1960,5789
DSC_9986.png,SG,106,99,44,27,149,106,106,123,160,1698,1769,5789
DSC_9986.png,KET,157,126,114,8,70,157,141,138,139,1692,1578,5789
DSC_9986.png,BIL,197,156,107,16,116,197,171,137,159,1689,1387,5789
DSC_9986.png,GLU,102,88,41,23,153,102,96,127,157,1707,1196,5789
DSC_9987.png,LEU,177,163,150,14,39,177,173,131,137,1676,2919,6921
DSC_9987.png,NIT,186,176,150,22,49,186,184,127,143,1676,2729,6921
DSC_9987.png,URO,199,146,95,15,133,199,165,142,163,1687,2541,6921
DSC_9987.png,PRO,158,152,80,28,126,158,158,120,166,1685,2351,6921
DSC_9987.png,pH,185,123,58,15,175,185,145,146,172,1685,2163,6921
DSC_9987.png,BLO,196,136,51,18,189,196,156,143,181,1680,1973,6921
DSC_9987.png,SG,124,108,39,24,175,124,117,126,168,1684,1785,6921
DSC_9987.png,KET,167,135,115,12,79,167,150,137,143,1678,1595,6921
DSC_9987.png,BIL,199,141,89,14,141,199,161,144,164,1676,1407,6921
DSC_9987.png,GLU,68,154,149,88,142,154,149,101,123,1668,1217,6921
DSC_9989.png,LEU,174,165,157,14,25,174,174,130,133,1862,2993,6077
DSC_9989.png,NIT,188,179,152,22,49,188,186,127,143,1893,2803,6077
DSC_9989.png,URO,204,155,101,16,129,204,172,140,163,1911,2614,6077
DSC_9989.png,PRO,182,163,79,24,144,182,171,124,173,1912,2425,6077
DSC_9989.png,pH,184,122,49,16,187,184,144,146,176,1901,2238,6077
DSC_9989.png,BLO,211,143,53,17,191,211,165,146,184,1897,2050,6077
DSC_9989.png,SG,64,81,60,54,66,81,83,117,138,1922,1860,6077
DSC_9989.png,KET,180,151,132,12,68,180,165,136,142,1896,1673,6077
DSC_9989.png,BIL,205,177,145,16,75,205,188,133,148,1892,1485,6077
DSC_9989.png,GLU,82,167,170,91,132,170,162,103,119,1881,1297,6077
DSC_9992.png,LEU,147,122,141,157,43,147,138,141,121,2023,2884,7525
DSC_9992.png,NIT,186,178,159,21,37,186,186,128,139,2018,2696,7525
DSC_9992.png,URO,201,151,99,15,129,201,169,141,162,2040,2508,7525
DSC_9992.png,PRO,163,155,79,27,131,163,161,120,168,2037,2320,7525
DSC_9992.png,pH,191,111,52,13,186,191,140,155,173,2037,2132,7525
DSC_9992.png,BLO,174,133,53,20,177,174,148,135,176,2029,1944,7525
DSC_9992.png,SG,111,103,52,26,136,111,110,124,158,2041,1756,7525
DSC_9992.png,KET,173,138,119,11,80,173,154,138,143,2030,1568,7525
DSC_9992.png,BIL,200,156,110,15,115,200,172,139,158,2024,1380,7525
DSC_9992.png,GLU,90,166,170,92,120,170,162,106,119,2015,1192,7525
DSC_9993.png,LEU,169,152,154,176,26,169,164,135,129,2107,2993,5789
DSC_9993.png,NIT,185,177,155,22,41,185,185,127,140,2098,2804,5789
DSC_9993.png,URO,200,153,104,15,122,200,170,139,161,2101,2615,5789
DSC_9993.png,PRO,177,161,79,25,141,177,169,123,172,2095,2426,5789
DSC_9993.png,pH,166,123,56,18,169,166,139,138,170,2088,2237,5789
DSC_9993.png,BLO,203,139,51,17,191,203,160,145,182,2087,2048,5789
DSC_9993.png,SG,120,110,62,25,123,120,118,125,156,2069,1859,5789
DSC_9993.png,KET,176,146,126,12,72,176,160,136,143,2082,1670,5789
DSC_9993.png,BIL,199,169,127,18,92,199,181,133,154,2082,1481,5789
DSC_9993.png,GLU,92,168,173,92,119,173,164,106,118,2085,1291,5789
DSC_9994.png,LEU,166,128,122,4,68,166,146,142,137,2115,3031,6921
DSC_9994.png,NIT,189,169,151,14,51,189,180,132,140,2080,2843,6921
DSC_9994.png,URO,201,158,114,15,110,201,174,138,157,2113,2655,6921
DSC_9994.png,PRO,75,114,104,82,87,114,115,112,129,2104,2467,6921
DSC_9994.png,pH,197,123,73,12,161,197,149,152,167,2115,2279,6921
DSC_9994.png,BLO,121,120,63,29,122,121,126,119,159,2085,2091,6921
DSC_9994.png,SG,165,129,52,20,175,165,143,133,174,2115,1903,6921
DSC_9994.png,KET,167,134,114,11,81,167,149,138,144,2104,1715,6921
DSC_9994.png,BIL,197,129,82,12,149,197,153,149,164,2103,1527,6921
DSC_9994.png,GLU,82,57,36,14,143,82,67,136,145,2106,1339,6921
DSC_9996.png,LEU,189,172,145,18,59,189,182,130,144,1943,2954,7213
DSC_9996.png,NIT,195,175,144,18,67,195,185,130,147,1958,2765,7213
DSC_9996.png,URO,209,156,94,16,140,209,174,141,168,1932,2576,7213
DSC_9996.png,PRO,167,162,81,28,131,167,167,118,170,1935,2387,7213
DSC_9996.png,pH,202,114,57,12,183,202,145,158,174,1931,2198,7213
DSC_9996.png,BLO,218,146,54,17,192,218,169,147,185,1933,2009,7213
DSC_9996.png,SG,162,124,50,20,176,162,139,135,173,1938,1820,7213
DSC_9996.png,KET,181,142,120,11,86,181,159,140,145,1938,1631,7213
DSC_9996.png,BIL,208,141,77,15,161,208,164,147,172,1945,1442,7213
DSC_9996.png,GLU,117,101,48,23,150,117,110,127,160,1933,1253,7213
DSC_9997.png,LEU,180,163,161,3,27,180,174,134,131,1895,2862,7525
DSC_9997.png,NIT,195,185,164,20,41,195,193,128,140,1893,2674,7525
DSC_9997.png,URO,209,156,97,16,137,209,174,141,166,1919,2486,7525
DSC_9997.png,PRO,173,165,84,27,131,173,171,120,171,1913,2298,7525
DSC_9997.png,pH,197,123,58,14,180,197,149,151,174,1909,2110,7525
DSC_9997.png,BLO,212,145,56,17,188,212,167,145,183,1902,1922,7525
DSC_9997.png,SG,132,113,59,22,141,132,123,128,160,1910,1734,7525
DSC_9997.png,KET,183,148,130,10,74,183,163,138,143,1894,1546,7525
DSC_9997.png,BIL,210,154,106,14,126,210,173,143,161,1889,1358,7525
DSC_9997.png,GLU,94,174,182,93,123,182,170,106,116,1883,1170,7525
DSC_9998.png,LEU,173,155,164,165,27,173,168,136,126,1912,2846,7213
DSC_9998.png,NIT,208,95,137,169,139,208,142,177,127,1948,2657,7213
DSC_9998.png,URO,216,163,104,16,132,216,180,141,166,1936,2468,7213
DSC_9998.png,PRO,166,163,82,29,129,166,168,118,170,1933,2279,7213
DSC_9998.png,pH,206,110,53,11,189,206,144,162,175,1925,2090,7213
DSC_9998.png,BLO,187,144,55,20,180,187,159,135,180,1919,1901,7213
DSC_9998.png,SG,112,107,43,28,157,112,113,121,164,1911,1712,7213
DSC_9998.png,KET,178,149,131,11,67,178,163,136,142,1907,1522,7213
DSC_9998.png,BIL,209,176,136,16,89,209,188,134,153,1901,1333,7213
DSC_9998.png,GLU,88,157,117,73,112,157,152,97,142,1890,1144,7213
DSC_9999.png,LEU,184,176,169,14,21,184,185,130,133,1964,2918,5789
DSC_9999.png,NIT,195,184,159,21,47,195,192,128,142,1893,2725,5789
DSC_9999.png,URO,210,156,98,16,136,210,174,142,166,1908,2538,5789
DSC_9999.png,PRO,152,159,89,33,112,159,162,115,164,1908,2348,5789
DSC_9999.png,pH,51,89,82,84,109,89,89,113,128,1891,2159,5789
DSC_9999.png,BLO,220,150,54,17,192,220,172,146,186,1902,1969,5789
DSC_9999.png,SG,43,68,69,91,96,69,69,119,125,1892,1781,5789
DSC_9999.png,KET,183,152,136,10,65,183,166,137,141,1888,1591,5789
DSC_9999.png,BIL,211,182,139,18,87,211,193,132,154,1889,1402,5789
DSC_9999.png,GLU,117,117,54,30,137,117,122,119,162,1875,1212,5789
